Run,GA_Best,TS_Best
1,0.08873074900108213,0.07857138413336033
2,0.019582429707312582,0.033931633541425345
3,0.05914283082232125,0.03995421626136975
4,0.07365522971202017,0.0765580823901439
5,0.10010334843153555,0.021653558439349397
