Method,Mean,Best,Worst
GA,0.08149397151678117,0.0212403005209309,0.16873573680283577
TS,0.06463301280248399,0.04137052007743544,0.1054465892751584
